,movie,year,imdb,metascore,votes
0,The Dark Knight Rises,(2012),8.4,78,1502088
1,Django Unchained,(2012),8.4,81,1341171
2,Avengers Assemble,(2012),8.0,69,1252368
3,The Hunger Games,(2012),7.2,68,839443
4,The Hobbit: An Unexpected Journey,(2012),7.8,58,751976
5,Silver Linings Playbook,(2012),7.7,81,657079
6,Skyfall,(2012),7.7,81,626452
7,Life of Pi,(2012),7.9,79,576305
8,Argo,(2012),7.7,86,568575
9,Ted,(2012),6.9,62,566810
10,Prometheus,(I) (2012),7.0,64,565659
11,The Amazing Spider-Man,(2012),6.9,66,555142
12,Looper,(2012),7.4,84,531331
13,21 Jump Street,(2012),7.2,69,507337
14,The Perks of Being a Wallflower,(2012),8.0,67,457943
15,Wreck-It Ralph,(2012),7.7,72,376497
16,Brave,(2012),7.1,69,369278
17,Cloud Atlas,(2012),7.4,55,343041
18,Men in Black 3,(2012),6.8,58,333204
19,Flight,(I) (2012),7.3,76,323367
20,Moonrise Kingdom,(2012),7.8,84,316010
21,Les Misérables,(2012),7.6,63,306540
22,Jack Reacher,(2012),7.0,50,305914
23,The Expendables 2,(2012),6.6,51,290664
24,Taken 2,(2012),6.3,45,287959
25,The Bourne Legacy,(2012),6.6,61,283377
26,The Hunt,(2012),8.3,77,276170
27,The Dictator,(2012),6.4,58,275938
28,Pitch Perfect,(2012),7.1,66,274892
29,Snow White and the Huntsman,(2012),6.1,57,271790
30,Zero Dark Thirty,(2012),7.4,95,269718
31,John Carter,(2012),6.6,51,253603
32,Dredd,(2012),7.1,60,249129
33,Dark Shadows,(2012),6.2,55,245991
34,The Place Beyond the Pines,(2012),7.3,68,244331
35,Lincoln,(2012),7.3,86,242962
36,Seven Psychopaths,(2012),7.2,66,239548
37,Total Recall,(I) (2012),6.3,43,239148
38,Chronicle,(2012),7.0,69,238782
39,Battleship,(2012),5.8,41,235214
40,The Twilight Saga: Breaking Dawn - Part 2,(2012),5.5,52,229910
41,End of Watch,(2012),7.6,68,226618
42,Lawless,(2012),7.3,58,226606
43,Hotel Transylvania,(2012),7.1,47,222486
44,Sinister,(I) (2012),6.8,53,219993
45,Safe House,(2012),6.7,52,204728
46,American Reunion,(2012),6.7,49,201939
47,The Impossible,(2012),7.6,73,198491
48,Ice Age: Continental Drift,(2012),6.6,49,190131
49,The Dark Knight Rises,(2012),8.4,78,1502088
50,Django Unchained,(2012),8.4,81,1341171
51,Avengers Assemble,(2012),8.0,69,1252368
52,The Hunger Games,(2012),7.2,68,839443
53,The Hobbit: An Unexpected Journey,(2012),7.8,58,751976
54,Silver Linings Playbook,(2012),7.7,81,657079
55,Skyfall,(2012),7.7,81,626452
56,Life of Pi,(2012),7.9,79,576305
57,Argo,(2012),7.7,86,568575
58,Ted,(2012),6.9,62,566810
59,Prometheus,(I) (2012),7.0,64,565659
60,The Amazing Spider-Man,(2012),6.9,66,555142
61,Looper,(2012),7.4,84,531331
62,21 Jump Street,(2012),7.2,69,507337
63,The Perks of Being a Wallflower,(2012),8.0,67,457943
64,Wreck-It Ralph,(2012),7.7,72,376497
65,Brave,(2012),7.1,69,369278
66,Cloud Atlas,(2012),7.4,55,343041
67,Men in Black 3,(2012),6.8,58,333204
68,Flight,(I) (2012),7.3,76,323367
69,Moonrise Kingdom,(2012),7.8,84,316010
70,Les Misérables,(2012),7.6,63,306540
71,Jack Reacher,(2012),7.0,50,305914
72,The Expendables 2,(2012),6.6,51,290664
73,Taken 2,(2012),6.3,45,287959
74,The Bourne Legacy,(2012),6.6,61,283377
75,The Hunt,(2012),8.3,77,276170
76,The Dictator,(2012),6.4,58,275938
77,Pitch Perfect,(2012),7.1,66,274892
78,Snow White and the Huntsman,(2012),6.1,57,271790
79,Zero Dark Thirty,(2012),7.4,95,269718
80,John Carter,(2012),6.6,51,253603
81,Dredd,(2012),7.1,60,249129
82,Dark Shadows,(2012),6.2,55,245991
83,The Place Beyond the Pines,(2012),7.3,68,244331
84,Lincoln,(2012),7.3,86,242962
85,Seven Psychopaths,(2012),7.2,66,239548
86,Total Recall,(I) (2012),6.3,43,239148
87,Chronicle,(2012),7.0,69,238782
88,Battleship,(2012),5.8,41,235214
89,The Twilight Saga: Breaking Dawn - Part 2,(2012),5.5,52,229910
90,End of Watch,(2012),7.6,68,226618
91,Lawless,(2012),7.3,58,226606
92,Hotel Transylvania,(2012),7.1,47,222486
93,Sinister,(I) (2012),6.8,53,219993
94,Safe House,(2012),6.7,52,204728
95,American Reunion,(2012),6.7,49,201939
96,The Impossible,(2012),7.6,73,198491
97,Ice Age: Continental Drift,(2012),6.6,49,190131
98,The Dark Knight Rises,(2012),8.4,78,1502088
99,Django Unchained,(2012),8.4,81,1341171
100,Avengers Assemble,(2012),8.0,69,1252368
101,The Hunger Games,(2012),7.2,68,839443
102,The Hobbit: An Unexpected Journey,(2012),7.8,58,751976
103,Silver Linings Playbook,(2012),7.7,81,657079
104,Skyfall,(2012),7.7,81,626452
105,Life of Pi,(2012),7.9,79,576305
106,Argo,(2012),7.7,86,568575
107,Ted,(2012),6.9,62,566810
108,Prometheus,(I) (2012),7.0,64,565659
109,The Amazing Spider-Man,(2012),6.9,66,555142
110,Looper,(2012),7.4,84,531331
111,21 Jump Street,(2012),7.2,69,507337
112,The Perks of Being a Wallflower,(2012),8.0,67,457943
113,Wreck-It Ralph,(2012),7.7,72,376497
114,Brave,(2012),7.1,69,369278
115,Cloud Atlas,(2012),7.4,55,343041
116,Men in Black 3,(2012),6.8,58,333204
117,Flight,(I) (2012),7.3,76,323367
118,Moonrise Kingdom,(2012),7.8,84,316010
119,Les Misérables,(2012),7.6,63,306540
120,Jack Reacher,(2012),7.0,50,305914
121,The Expendables 2,(2012),6.6,51,290664
122,Taken 2,(2012),6.3,45,287959
123,The Bourne Legacy,(2012),6.6,61,283377
124,The Hunt,(2012),8.3,77,276170
125,The Dictator,(2012),6.4,58,275938
126,Pitch Perfect,(2012),7.1,66,274892
127,Snow White and the Huntsman,(2012),6.1,57,271790
128,Zero Dark Thirty,(2012),7.4,95,269718
129,John Carter,(2012),6.6,51,253603
130,Dredd,(2012),7.1,60,249129
131,Dark Shadows,(2012),6.2,55,245991
132,The Place Beyond the Pines,(2012),7.3,68,244331
133,Lincoln,(2012),7.3,86,242962
134,Seven Psychopaths,(2012),7.2,66,239548
135,Total Recall,(I) (2012),6.3,43,239148
136,Chronicle,(2012),7.0,69,238782
137,Battleship,(2012),5.8,41,235214
138,The Twilight Saga: Breaking Dawn - Part 2,(2012),5.5,52,229910
139,End of Watch,(2012),7.6,68,226618
140,Lawless,(2012),7.3,58,226606
141,Hotel Transylvania,(2012),7.1,47,222486
142,Sinister,(I) (2012),6.8,53,219993
143,Safe House,(2012),6.7,52,204728
144,American Reunion,(2012),6.7,49,201939
145,The Impossible,(2012),7.6,73,198491
146,Ice Age: Continental Drift,(2012),6.6,49,190131
147,The Dark Knight Rises,(2012),8.4,78,1502088
148,Django Unchained,(2012),8.4,81,1341171
149,Avengers Assemble,(2012),8.0,69,1252368
150,The Hunger Games,(2012),7.2,68,839443
151,The Hobbit: An Unexpected Journey,(2012),7.8,58,751976
152,Silver Linings Playbook,(2012),7.7,81,657079
153,Skyfall,(2012),7.7,81,626452
154,Life of Pi,(2012),7.9,79,576305
155,Argo,(2012),7.7,86,568575
156,Ted,(2012),6.9,62,566810
157,Prometheus,(I) (2012),7.0,64,565659
158,The Amazing Spider-Man,(2012),6.9,66,555142
159,Looper,(2012),7.4,84,531331
160,21 Jump Street,(2012),7.2,69,507337
161,The Perks of Being a Wallflower,(2012),8.0,67,457943
162,Wreck-It Ralph,(2012),7.7,72,376497
163,Brave,(2012),7.1,69,369278
164,Cloud Atlas,(2012),7.4,55,343041
165,Men in Black 3,(2012),6.8,58,333204
166,Flight,(I) (2012),7.3,76,323367
167,Moonrise Kingdom,(2012),7.8,84,316010
168,Les Misérables,(2012),7.6,63,306540
169,Jack Reacher,(2012),7.0,50,305914
170,The Expendables 2,(2012),6.6,51,290664
171,Taken 2,(2012),6.3,45,287959
172,The Bourne Legacy,(2012),6.6,61,283377
173,The Hunt,(2012),8.3,77,276170
174,The Dictator,(2012),6.4,58,275938
175,Pitch Perfect,(2012),7.1,66,274892
176,Snow White and the Huntsman,(2012),6.1,57,271790
177,Zero Dark Thirty,(2012),7.4,95,269718
178,John Carter,(2012),6.6,51,253603
179,Dredd,(2012),7.1,60,249129
180,Dark Shadows,(2012),6.2,55,245991
181,The Place Beyond the Pines,(2012),7.3,68,244331
182,Lincoln,(2012),7.3,86,242962
183,Seven Psychopaths,(2012),7.2,66,239548
184,Total Recall,(I) (2012),6.3,43,239148
185,Chronicle,(2012),7.0,69,238782
186,Battleship,(2012),5.8,41,235214
187,The Twilight Saga: Breaking Dawn - Part 2,(2012),5.5,52,229910
188,End of Watch,(2012),7.6,68,226618
189,Lawless,(2012),7.3,58,226606
190,Hotel Transylvania,(2012),7.1,47,222486
191,Sinister,(I) (2012),6.8,53,219993
192,Safe House,(2012),6.7,52,204728
193,American Reunion,(2012),6.7,49,201939
194,The Impossible,(2012),7.6,73,198491
195,Ice Age: Continental Drift,(2012),6.6,49,190131
196,The Wolf of Wall Street,(2013),8.2,75,1166054
197,Gravity,(2013),7.7,96,763660
198,Iron Man Three,(2013),7.2,62,748607
199,Man of Steel,(2013),7.0,55,685321
200,12 Years a Slave,(2013),8.1,96,633928
201,The Hunger Games: Catching Fire,(2013),7.5,76,609745
202,World War Z,(2013),7.0,63,597122
203,The Hobbit: The Desolation of Smaug,(2013),7.8,66,596428
204,Prisoners,(2013),8.1,70,592871
205,Now You See Me,(I) (2013),7.3,50,591869
206,Thor: The Dark World,(2013),6.9,54,589810
207,Frozen,(I) (2013),7.4,75,567470
208,Her,(2013),8.0,90,534213
209,Oblivion,(I) (2013),7.0,54,482827
210,The Great Gatsby,(2013),7.2,55,473343
211,Pacific Rim,(2013),6.9,65,463201
212,Star Trek into Darkness,(2013),7.7,72,461227
213,American Hustle,(2013),7.2,90,445391
214,The Conjuring,(2013),7.5,68,438478
215,Dallas Buyers Club,(2013),8.0,80,436727
216,Rush,(I) (2013),8.1,74,428970
217,The Wolverine,(2013),6.7,61,426770
218,Captain Phillips,(2013),7.8,82,417224
219,Elysium,(I) (2013),6.6,61,417081
220,We're the Millers,(2013),7.0,44,400934
221,This Is the End,(2013),6.6,67,381631
222,Despicable Me 2,(2013),7.3,62,367081
223,Furious 6,(2013),7.1,61,366196
224,Monsters University,(2013),7.3,65,318806
225,Snowpiercer,(2013),7.1,84,314486
226,About Time,(I) (2013),7.8,55,297261
227,The Secret Life of Walter Mitty,(2013),7.3,54,291467
228,The Hangover Part III,(2013),5.8,30,291259
229,Lone Survivor,(2013),7.5,60,264384
230,The World's End,(2013),7.0,81,258000
231,Olympus Has Fallen,(2013),6.5,41,255299
232,Kick-Ass 2,(2013),6.5,41,253381
233,Don Jon,(2013),6.5,66,227618
234,Escape Plan,(2013),6.7,49,225835
235,Ender's Game,(2013),6.6,51,222139
236,The Lone Ranger,(2013),6.4,37,220072
237,Warm Bodies,(2013),6.8,60,218291
238,Gangster Squad,(2013),6.7,40,205542
239,The Wolf of Wall Street,(2013),8.2,75,1166054
240,Gravity,(2013),7.7,96,763660
241,Iron Man Three,(2013),7.2,62,748607
242,Man of Steel,(2013),7.0,55,685321
243,12 Years a Slave,(2013),8.1,96,633928
244,The Hunger Games: Catching Fire,(2013),7.5,76,609745
245,World War Z,(2013),7.0,63,597122
246,The Hobbit: The Desolation of Smaug,(2013),7.8,66,596428
247,Prisoners,(2013),8.1,70,592871
248,Now You See Me,(I) (2013),7.3,50,591869
249,Thor: The Dark World,(2013),6.9,54,589810
250,Frozen,(I) (2013),7.4,75,567470
251,Her,(2013),8.0,90,534213
252,Oblivion,(I) (2013),7.0,54,482827
253,The Great Gatsby,(2013),7.2,55,473343
254,Pacific Rim,(2013),6.9,65,463201
255,Star Trek into Darkness,(2013),7.7,72,461227
256,American Hustle,(2013),7.2,90,445391
257,The Conjuring,(2013),7.5,68,438478
258,Dallas Buyers Club,(2013),8.0,80,436727
259,Rush,(I) (2013),8.1,74,428970
260,The Wolverine,(2013),6.7,61,426770
261,Captain Phillips,(2013),7.8,82,417224
262,Elysium,(I) (2013),6.6,61,417081
263,We're the Millers,(2013),7.0,44,400934
264,This Is the End,(2013),6.6,67,381631
265,Despicable Me 2,(2013),7.3,62,367081
266,Furious 6,(2013),7.1,61,366196
267,Monsters University,(2013),7.3,65,318806
268,Snowpiercer,(2013),7.1,84,314486
269,About Time,(I) (2013),7.8,55,297261
270,The Secret Life of Walter Mitty,(2013),7.3,54,291467
271,The Hangover Part III,(2013),5.8,30,291259
272,Lone Survivor,(2013),7.5,60,264384
273,The World's End,(2013),7.0,81,258000
274,Olympus Has Fallen,(2013),6.5,41,255299
275,Kick-Ass 2,(2013),6.5,41,253381
276,Don Jon,(2013),6.5,66,227618
277,Escape Plan,(2013),6.7,49,225835
278,Ender's Game,(2013),6.6,51,222139
279,The Lone Ranger,(2013),6.4,37,220072
280,Warm Bodies,(2013),6.8,60,218291
281,Gangster Squad,(2013),6.7,40,205542
282,The Wolf of Wall Street,(2013),8.2,75,1166054
283,Gravity,(2013),7.7,96,763660
284,Iron Man Three,(2013),7.2,62,748607
285,Man of Steel,(2013),7.0,55,685321
286,12 Years a Slave,(2013),8.1,96,633928
287,The Hunger Games: Catching Fire,(2013),7.5,76,609745
288,World War Z,(2013),7.0,63,597122
289,The Hobbit: The Desolation of Smaug,(2013),7.8,66,596428
290,Prisoners,(2013),8.1,70,592871
291,Now You See Me,(I) (2013),7.3,50,591869
292,Thor: The Dark World,(2013),6.9,54,589810
293,Frozen,(I) (2013),7.4,75,567470
294,Her,(2013),8.0,90,534213
295,Oblivion,(I) (2013),7.0,54,482827
296,The Great Gatsby,(2013),7.2,55,473343
297,Pacific Rim,(2013),6.9,65,463201
298,Star Trek into Darkness,(2013),7.7,72,461227
299,American Hustle,(2013),7.2,90,445391
300,The Conjuring,(2013),7.5,68,438478
301,Dallas Buyers Club,(2013),8.0,80,436727
302,Rush,(I) (2013),8.1,74,428970
303,The Wolverine,(2013),6.7,61,426770
304,Captain Phillips,(2013),7.8,82,417224
305,Elysium,(I) (2013),6.6,61,417081
306,We're the Millers,(2013),7.0,44,400934
307,This Is the End,(2013),6.6,67,381631
308,Despicable Me 2,(2013),7.3,62,367081
309,Furious 6,(2013),7.1,61,366196
310,Monsters University,(2013),7.3,65,318806
311,Snowpiercer,(2013),7.1,84,314486
312,About Time,(I) (2013),7.8,55,297261
313,The Secret Life of Walter Mitty,(2013),7.3,54,291467
314,The Hangover Part III,(2013),5.8,30,291259
315,Lone Survivor,(2013),7.5,60,264384
316,The World's End,(2013),7.0,81,258000
317,Olympus Has Fallen,(2013),6.5,41,255299
318,Kick-Ass 2,(2013),6.5,41,253381
319,Don Jon,(2013),6.5,66,227618
320,Escape Plan,(2013),6.7,49,225835
321,Ender's Game,(2013),6.6,51,222139
322,The Lone Ranger,(2013),6.4,37,220072
323,Warm Bodies,(2013),6.8,60,218291
324,Gangster Squad,(2013),6.7,40,205542
325,The Wolf of Wall Street,(2013),8.2,75,1166054
326,Gravity,(2013),7.7,96,763660
327,Iron Man Three,(2013),7.2,62,748607
328,Man of Steel,(2013),7.0,55,685321
329,12 Years a Slave,(2013),8.1,96,633928
330,The Hunger Games: Catching Fire,(2013),7.5,76,609745
331,World War Z,(2013),7.0,63,597122
332,The Hobbit: The Desolation of Smaug,(2013),7.8,66,596428
333,Prisoners,(2013),8.1,70,592871
334,Now You See Me,(I) (2013),7.3,50,591869
335,Thor: The Dark World,(2013),6.9,54,589810
336,Frozen,(I) (2013),7.4,75,567470
337,Her,(2013),8.0,90,534213
338,Oblivion,(I) (2013),7.0,54,482827
339,The Great Gatsby,(2013),7.2,55,473343
340,Pacific Rim,(2013),6.9,65,463201
341,Star Trek into Darkness,(2013),7.7,72,461227
342,American Hustle,(2013),7.2,90,445391
343,The Conjuring,(2013),7.5,68,438478
344,Dallas Buyers Club,(2013),8.0,80,436727
345,Rush,(I) (2013),8.1,74,428970
346,The Wolverine,(2013),6.7,61,426770
347,Captain Phillips,(2013),7.8,82,417224
348,Elysium,(I) (2013),6.6,61,417081
349,We're the Millers,(2013),7.0,44,400934
350,This Is the End,(2013),6.6,67,381631
351,Despicable Me 2,(2013),7.3,62,367081
352,Furious 6,(2013),7.1,61,366196
353,Monsters University,(2013),7.3,65,318806
354,Snowpiercer,(2013),7.1,84,314486
355,About Time,(I) (2013),7.8,55,297261
356,The Secret Life of Walter Mitty,(2013),7.3,54,291467
357,The Hangover Part III,(2013),5.8,30,291259
358,Lone Survivor,(2013),7.5,60,264384
359,The World's End,(2013),7.0,81,258000
360,Olympus Has Fallen,(2013),6.5,41,255299
361,Kick-Ass 2,(2013),6.5,41,253381
362,Don Jon,(2013),6.5,66,227618
363,Escape Plan,(2013),6.7,49,225835
364,Ender's Game,(2013),6.6,51,222139
365,The Lone Ranger,(2013),6.4,37,220072
366,Warm Bodies,(2013),6.8,60,218291
367,Gangster Squad,(2013),6.7,40,205542
368,Interstellar,(2014),8.6,74,1487139
369,Guardians of the Galaxy,(2014),8.0,76,1034807
370,Gone Girl,(2014),8.1,79,849085
371,Captain America: The Winter Soldier,(2014),7.7,70,728779
372,Whiplash,(2014),8.5,88,706342
373,The Grand Budapest Hotel,(2014),8.1,88,698931
374,The Imitation Game,(2014),8.0,73,677995
375,X-Men: Days of Future Past,(2014),7.9,75,656015
376,Edge of Tomorrow,(2014),7.9,71,594477
377,Kingsman: The Secret Service,(2014),7.7,60,585967
378,Birdman or (The Unexpected Virtue of Ignorance),(2014),7.7,87,574815
379,John Wick,(2014),7.4,68,530992
380,The Hobbit: The Battle of the Five Armies,(2014),7.4,59,469728
381,Ex Machina,(2014),7.7,78,469519
382,Nightcrawler,(2014),7.9,76,459072
383,Lucy,(I) (2014),6.4,61,442086
384,American Sniper,(2014),7.3,72,435682
385,Divergent,(2014),6.6,48,423084
386,Fury,(2014),7.6,64,421607
387,The Maze Runner,(2014),6.8,57,413859
388,The Amazing Spider-Man 2,(2014),6.6,53,413784
389,The Hunger Games: Mockingjay - Part 1,(2014),6.6,64,410404
390,Dawn of the Planet of the Apes,(2014),7.6,79,409682
391,Big Hero 6,(2014),7.8,74,406741
392,The Theory of Everything,(2014),7.7,72,399335
393,Godzilla,(2014),6.4,62,372650
394,22 Jump Street,(2014),7.0,71,343228
395,Maleficent,(2014),7.0,56,341749
396,The Fault in our Stars,(2014),7.7,69,341525
397,Boyhood,(I) (2014),7.9,100,333640
398,The Equalizer,(2014),7.2,57,330223
399,The Lego Movie,(2014),7.7,83,322173
400,The Interview,(II) (2014),6.5,52,304678
401,How to Train Your Dragon 2,(2014),7.8,76,302563
402,Transformers: Age of Extinction,(2014),5.6,32,296729
403,Bad Neighbours,(I) (2014),6.3,68,284750
404,300: Rise of an Empire,(2014),6.2,48,279245
405,Predestination,(I) (2014),7.5,69,249977
406,Non-Stop,(2014),6.9,56,248712
407,Noah,(2014),5.7,68,241938
408,Transcendence,(I) (2014),6.3,42,215725
409,RoboCop,(2014),6.1,52,215181
410,It Follows,(2014),6.8,83,208419
411,Teenage Mutant Ninja Turtles,(2014),5.8,31,200013
412,The Babadook,(2014),6.8,86,194908
413,Interstellar,(2014),8.6,74,1487139
414,Guardians of the Galaxy,(2014),8.0,76,1034807
415,Gone Girl,(2014),8.1,79,849085
416,Captain America: The Winter Soldier,(2014),7.7,70,728779
417,Whiplash,(2014),8.5,88,706342
418,The Grand Budapest Hotel,(2014),8.1,88,698931
419,The Imitation Game,(2014),8.0,73,677995
420,X-Men: Days of Future Past,(2014),7.9,75,656015
421,Edge of Tomorrow,(2014),7.9,71,594477
422,Kingsman: The Secret Service,(2014),7.7,60,585967
423,Birdman or (The Unexpected Virtue of Ignorance),(2014),7.7,87,574815
424,John Wick,(2014),7.4,68,530992
425,The Hobbit: The Battle of the Five Armies,(2014),7.4,59,469728
426,Ex Machina,(2014),7.7,78,469519
427,Nightcrawler,(2014),7.9,76,459072
428,Lucy,(I) (2014),6.4,61,442086
429,American Sniper,(2014),7.3,72,435682
430,Divergent,(2014),6.6,48,423084
431,Fury,(2014),7.6,64,421607
432,The Maze Runner,(2014),6.8,57,413859
433,The Amazing Spider-Man 2,(2014),6.6,53,413784
434,The Hunger Games: Mockingjay - Part 1,(2014),6.6,64,410404
435,Dawn of the Planet of the Apes,(2014),7.6,79,409682
436,Big Hero 6,(2014),7.8,74,406741
437,The Theory of Everything,(2014),7.7,72,399335
438,Godzilla,(2014),6.4,62,372650
439,22 Jump Street,(2014),7.0,71,343228
440,Maleficent,(2014),7.0,56,341749
441,The Fault in our Stars,(2014),7.7,69,341525
442,Boyhood,(I) (2014),7.9,100,333640
443,The Equalizer,(2014),7.2,57,330223
444,The Lego Movie,(2014),7.7,83,322173
445,The Interview,(II) (2014),6.5,52,304678
446,How to Train Your Dragon 2,(2014),7.8,76,302563
447,Transformers: Age of Extinction,(2014),5.6,32,296729
448,Bad Neighbours,(I) (2014),6.3,68,284750
449,300: Rise of an Empire,(2014),6.2,48,279245
450,Predestination,(I) (2014),7.5,69,249977
451,Non-Stop,(2014),6.9,56,248712
452,Noah,(2014),5.7,68,241938
453,Transcendence,(I) (2014),6.3,42,215725
454,RoboCop,(2014),6.1,52,215181
455,It Follows,(2014),6.8,83,208419
456,Teenage Mutant Ninja Turtles,(2014),5.8,31,200013
457,The Babadook,(2014),6.8,86,194908
458,Interstellar,(2014),8.6,74,1487139
459,Guardians of the Galaxy,(2014),8.0,76,1034807
460,Gone Girl,(2014),8.1,79,849085
461,Captain America: The Winter Soldier,(2014),7.7,70,728779
462,Whiplash,(2014),8.5,88,706342
463,The Grand Budapest Hotel,(2014),8.1,88,698931
464,The Imitation Game,(2014),8.0,73,677995
465,X-Men: Days of Future Past,(2014),7.9,75,656015
466,Edge of Tomorrow,(2014),7.9,71,594477
467,Kingsman: The Secret Service,(2014),7.7,60,585967
468,Birdman or (The Unexpected Virtue of Ignorance),(2014),7.7,87,574815
469,John Wick,(2014),7.4,68,530992
470,The Hobbit: The Battle of the Five Armies,(2014),7.4,59,469728
471,Ex Machina,(2014),7.7,78,469519
472,Nightcrawler,(2014),7.9,76,459072
473,Lucy,(I) (2014),6.4,61,442086
474,American Sniper,(2014),7.3,72,435682
475,Divergent,(2014),6.6,48,423084
476,Fury,(2014),7.6,64,421607
477,The Maze Runner,(2014),6.8,57,413859
478,The Amazing Spider-Man 2,(2014),6.6,53,413784
479,The Hunger Games: Mockingjay - Part 1,(2014),6.6,64,410404
480,Dawn of the Planet of the Apes,(2014),7.6,79,409682
481,Big Hero 6,(2014),7.8,74,406741
482,The Theory of Everything,(2014),7.7,72,399335
483,Godzilla,(2014),6.4,62,372650
484,22 Jump Street,(2014),7.0,71,343228
485,Maleficent,(2014),7.0,56,341749
486,The Fault in our Stars,(2014),7.7,69,341525
487,Boyhood,(I) (2014),7.9,100,333640
488,The Equalizer,(2014),7.2,57,330223
489,The Lego Movie,(2014),7.7,83,322173
490,The Interview,(II) (2014),6.5,52,304678
491,How to Train Your Dragon 2,(2014),7.8,76,302563
492,Transformers: Age of Extinction,(2014),5.6,32,296729
493,Bad Neighbours,(I) (2014),6.3,68,284750
494,300: Rise of an Empire,(2014),6.2,48,279245
495,Predestination,(I) (2014),7.5,69,249977
496,Non-Stop,(2014),6.9,56,248712
497,Noah,(2014),5.7,68,241938
498,Transcendence,(I) (2014),6.3,42,215725
499,RoboCop,(2014),6.1,52,215181
500,It Follows,(2014),6.8,83,208419
501,Teenage Mutant Ninja Turtles,(2014),5.8,31,200013
502,The Babadook,(2014),6.8,86,194908
503,Interstellar,(2014),8.6,74,1487139
504,Guardians of the Galaxy,(2014),8.0,76,1034807
505,Gone Girl,(2014),8.1,79,849085
506,Captain America: The Winter Soldier,(2014),7.7,70,728779
507,Whiplash,(2014),8.5,88,706342
508,The Grand Budapest Hotel,(2014),8.1,88,698931
509,The Imitation Game,(2014),8.0,73,677995
510,X-Men: Days of Future Past,(2014),7.9,75,656015
511,Edge of Tomorrow,(2014),7.9,71,594477
512,Kingsman: The Secret Service,(2014),7.7,60,585967
513,Birdman or (The Unexpected Virtue of Ignorance),(2014),7.7,87,574815
514,John Wick,(2014),7.4,68,530992
515,The Hobbit: The Battle of the Five Armies,(2014),7.4,59,469728
516,Ex Machina,(2014),7.7,78,469519
517,Nightcrawler,(2014),7.9,76,459072
518,Lucy,(I) (2014),6.4,61,442086
519,American Sniper,(2014),7.3,72,435682
520,Divergent,(2014),6.6,48,423084
521,Fury,(2014),7.6,64,421607
522,The Maze Runner,(2014),6.8,57,413859
523,The Amazing Spider-Man 2,(2014),6.6,53,413784
524,The Hunger Games: Mockingjay - Part 1,(2014),6.6,64,410404
525,Dawn of the Planet of the Apes,(2014),7.6,79,409682
526,Big Hero 6,(2014),7.8,74,406741
527,The Theory of Everything,(2014),7.7,72,399335
528,Godzilla,(2014),6.4,62,372650
529,22 Jump Street,(2014),7.0,71,343228
530,Maleficent,(2014),7.0,56,341749
531,The Fault in our Stars,(2014),7.7,69,341525
532,Boyhood,(I) (2014),7.9,100,333640
533,The Equalizer,(2014),7.2,57,330223
534,The Lego Movie,(2014),7.7,83,322173
535,The Interview,(II) (2014),6.5,52,304678
536,How to Train Your Dragon 2,(2014),7.8,76,302563
537,Transformers: Age of Extinction,(2014),5.6,32,296729
538,Bad Neighbours,(I) (2014),6.3,68,284750
539,300: Rise of an Empire,(2014),6.2,48,279245
540,Predestination,(I) (2014),7.5,69,249977
541,Non-Stop,(2014),6.9,56,248712
542,Noah,(2014),5.7,68,241938
543,Transcendence,(I) (2014),6.3,42,215725
544,RoboCop,(2014),6.1,52,215181
545,It Follows,(2014),6.8,83,208419
546,Teenage Mutant Ninja Turtles,(2014),5.8,31,200013
547,The Babadook,(2014),6.8,86,194908
548,Mad Max: Fury Road,(2015),8.1,90,871573
549,Star Wars: Episode VII - The Force Awakens,(2015),7.9,80,853527
550,The Martian,(2015),8.0,80,752138
551,Avengers: Age of Ultron,(2015),7.3,66,733119
552,The Revenant,(2015),8.0,76,696652
553,Inside Out,(I) (2015),8.1,94,604616
554,Jurassic World,(2015),7.0,59,575313
555,Ant-Man,(2015),7.3,64,563130
556,The Hateful Eight,(2015),7.8,68,509159
557,Spotlight,(I) (2015),8.1,93,414902
558,Spectre,(I) (2015),6.8,60,381415
559,Sicario,(2015),7.6,82,367007
560,Room,(I) (2015),8.1,86,365618
561,Fast & Furious 7,(2015),7.1,67,356935
562,The Big Short,(2015),7.8,81,356752
563,Mission: Impossible - Rogue Nation,(2015),7.4,75,339147
564,Fifty Shades of Grey,(2015),4.1,46,295961
565,Bridge of Spies,(2015),7.6,81,284910
566,The Hunger Games: Mockingjay - Part 2,(2015),6.6,65,283317
567,The Man from U.N.C.L.E.,(2015),7.3,56,271017
568,Terminator Genisys,(2015),6.3,38,257871
569,Creed,(II) (2015),7.6,82,245232
570,Chappie,(2015),6.8,41,228340
571,Spy,(2015),7.0,75,228265
572,Maze Runner: The Scorch Trials,(2015),6.3,43,219509
573,The Intern,(I) (2015),7.1,51,217482
574,Insurgent,(2015),6.2,42,216022
575,Focus,(II) (2015),6.6,56,216008
576,Southpaw,(2015),7.4,57,215863
577,The Lobster,(2015),7.2,82,215725
578,San Andreas,(2015),6.1,43,210684
579,Minions,(2015),6.4,56,210429
580,The Witch,(2015),6.9,83,196945
581,Everest,(2015),7.1,64,195343
582,Ted 2,(2015),6.3,48,183102
583,Straight Outta Compton,(2015),7.8,72,177988
584,Jupiter Ascending,(2015),5.3,40,177924
585,Tomorrowland: A World Beyond,(2015),6.4,60,171004
586,Black Mass,(2015),6.9,68,166827
587,The Danish Girl,(2015),7.1,66,162324
588,Cinderella,(I) (2015),6.9,67,158842
589,Legend,(I) (2015),6.9,55,156787
590,The Age of Adaline,(2015),7.2,51,153014
591,Steve Jobs,(2015),7.2,82,152925
592,Fantastic Four,(2015),4.3,27,151160
593,Mad Max: Fury Road,(2015),8.1,90,871573
594,Star Wars: Episode VII - The Force Awakens,(2015),7.9,80,853527
595,The Martian,(2015),8.0,80,752138
596,Avengers: Age of Ultron,(2015),7.3,66,733119
597,The Revenant,(2015),8.0,76,696652
598,Inside Out,(I) (2015),8.1,94,604616
599,Jurassic World,(2015),7.0,59,575313
600,Ant-Man,(2015),7.3,64,563130
601,The Hateful Eight,(2015),7.8,68,509159
602,Spotlight,(I) (2015),8.1,93,414902
603,Spectre,(I) (2015),6.8,60,381415
604,Sicario,(2015),7.6,82,367007
605,Room,(I) (2015),8.1,86,365618
606,Fast & Furious 7,(2015),7.1,67,356935
607,The Big Short,(2015),7.8,81,356752
608,Mission: Impossible - Rogue Nation,(2015),7.4,75,339147
609,Fifty Shades of Grey,(2015),4.1,46,295961
610,Bridge of Spies,(2015),7.6,81,284910
611,The Hunger Games: Mockingjay - Part 2,(2015),6.6,65,283317
612,The Man from U.N.C.L.E.,(2015),7.3,56,271017
613,Terminator Genisys,(2015),6.3,38,257871
614,Creed,(II) (2015),7.6,82,245232
615,Chappie,(2015),6.8,41,228340
616,Spy,(2015),7.0,75,228265
617,Maze Runner: The Scorch Trials,(2015),6.3,43,219509
618,The Intern,(I) (2015),7.1,51,217482
619,Insurgent,(2015),6.2,42,216022
620,Focus,(II) (2015),6.6,56,216008
621,Southpaw,(2015),7.4,57,215863
622,The Lobster,(2015),7.2,82,215725
623,San Andreas,(2015),6.1,43,210684
624,Minions,(2015),6.4,56,210429
625,The Witch,(2015),6.9,83,196945
626,Everest,(2015),7.1,64,195343
627,Ted 2,(2015),6.3,48,183102
628,Straight Outta Compton,(2015),7.8,72,177988
629,Jupiter Ascending,(2015),5.3,40,177924
630,Tomorrowland: A World Beyond,(2015),6.4,60,171004
631,Black Mass,(2015),6.9,68,166827
632,The Danish Girl,(2015),7.1,66,162324
633,Cinderella,(I) (2015),6.9,67,158842
634,Legend,(I) (2015),6.9,55,156787
635,The Age of Adaline,(2015),7.2,51,153014
636,Steve Jobs,(2015),7.2,82,152925
637,Fantastic Four,(2015),4.3,27,151160
638,Mad Max: Fury Road,(2015),8.1,90,871573
639,Star Wars: Episode VII - The Force Awakens,(2015),7.9,80,853527
640,The Martian,(2015),8.0,80,752138
641,Avengers: Age of Ultron,(2015),7.3,66,733119
642,The Revenant,(2015),8.0,76,696652
643,Inside Out,(I) (2015),8.1,94,604616
644,Jurassic World,(2015),7.0,59,575313
645,Ant-Man,(2015),7.3,64,563130
646,The Hateful Eight,(2015),7.8,68,509159
647,Spotlight,(I) (2015),8.1,93,414902
648,Spectre,(I) (2015),6.8,60,381415
649,Sicario,(2015),7.6,82,367007
650,Room,(I) (2015),8.1,86,365618
651,Fast & Furious 7,(2015),7.1,67,356935
652,The Big Short,(2015),7.8,81,356752
653,Mission: Impossible - Rogue Nation,(2015),7.4,75,339147
654,Fifty Shades of Grey,(2015),4.1,46,295961
655,Bridge of Spies,(2015),7.6,81,284910
656,The Hunger Games: Mockingjay - Part 2,(2015),6.6,65,283317
657,The Man from U.N.C.L.E.,(2015),7.3,56,271017
658,Terminator Genisys,(2015),6.3,38,257871
659,Creed,(II) (2015),7.6,82,245232
660,Chappie,(2015),6.8,41,228340
661,Spy,(2015),7.0,75,228265
662,Maze Runner: The Scorch Trials,(2015),6.3,43,219509
663,The Intern,(I) (2015),7.1,51,217482
664,Insurgent,(2015),6.2,42,216022
665,Focus,(II) (2015),6.6,56,216008
666,Southpaw,(2015),7.4,57,215863
667,The Lobster,(2015),7.2,82,215725
668,San Andreas,(2015),6.1,43,210684
669,Minions,(2015),6.4,56,210429
670,The Witch,(2015),6.9,83,196945
671,Everest,(2015),7.1,64,195343
672,Ted 2,(2015),6.3,48,183102
673,Straight Outta Compton,(2015),7.8,72,177988
674,Jupiter Ascending,(2015),5.3,40,177924
675,Tomorrowland: A World Beyond,(2015),6.4,60,171004
676,Black Mass,(2015),6.9,68,166827
677,The Danish Girl,(2015),7.1,66,162324
678,Cinderella,(I) (2015),6.9,67,158842
679,Legend,(I) (2015),6.9,55,156787
680,The Age of Adaline,(2015),7.2,51,153014
681,Steve Jobs,(2015),7.2,82,152925
682,Fantastic Four,(2015),4.3,27,151160
683,Mad Max: Fury Road,(2015),8.1,90,871573
684,Star Wars: Episode VII - The Force Awakens,(2015),7.9,80,853527
685,The Martian,(2015),8.0,80,752138
686,Avengers: Age of Ultron,(2015),7.3,66,733119
687,The Revenant,(2015),8.0,76,696652
688,Inside Out,(I) (2015),8.1,94,604616
689,Jurassic World,(2015),7.0,59,575313
690,Ant-Man,(2015),7.3,64,563130
691,The Hateful Eight,(2015),7.8,68,509159
692,Spotlight,(I) (2015),8.1,93,414902
693,Spectre,(I) (2015),6.8,60,381415
694,Sicario,(2015),7.6,82,367007
695,Room,(I) (2015),8.1,86,365618
696,Fast & Furious 7,(2015),7.1,67,356935
697,The Big Short,(2015),7.8,81,356752
698,Mission: Impossible - Rogue Nation,(2015),7.4,75,339147
699,Fifty Shades of Grey,(2015),4.1,46,295961
700,Bridge of Spies,(2015),7.6,81,284910
701,The Hunger Games: Mockingjay - Part 2,(2015),6.6,65,283317
702,The Man from U.N.C.L.E.,(2015),7.3,56,271017
703,Terminator Genisys,(2015),6.3,38,257871
704,Creed,(II) (2015),7.6,82,245232
705,Chappie,(2015),6.8,41,228340
706,Spy,(2015),7.0,75,228265
707,Maze Runner: The Scorch Trials,(2015),6.3,43,219509
708,The Intern,(I) (2015),7.1,51,217482
709,Insurgent,(2015),6.2,42,216022
710,Focus,(II) (2015),6.6,56,216008
711,Southpaw,(2015),7.4,57,215863
712,The Lobster,(2015),7.2,82,215725
713,San Andreas,(2015),6.1,43,210684
714,Minions,(2015),6.4,56,210429
715,The Witch,(2015),6.9,83,196945
716,Everest,(2015),7.1,64,195343
717,Ted 2,(2015),6.3,48,183102
718,Straight Outta Compton,(2015),7.8,72,177988
719,Jupiter Ascending,(2015),5.3,40,177924
720,Tomorrowland: A World Beyond,(2015),6.4,60,171004
721,Black Mass,(2015),6.9,68,166827
722,The Danish Girl,(2015),7.1,66,162324
723,Cinderella,(I) (2015),6.9,67,158842
724,Legend,(I) (2015),6.9,55,156787
725,The Age of Adaline,(2015),7.2,51,153014
726,Steve Jobs,(2015),7.2,82,152925
727,Fantastic Four,(2015),4.3,27,151160
728,Deadpool,(2016),8.0,65,894398
729,Captain America: Civil War,(2016),7.8,75,655464
730,Batman v Superman: Dawn of Justice,(2016),6.4,44,619237
731,Suicide Squad,(2016),6.0,40,594654
732,Doctor Strange,(2016),7.5,72,589956
733,Arrival,(II) (2016),7.9,81,586700
734,Rogue One,(2016),7.8,65,547655
735,La La Land,(2016),8.0,94,497865
736,Hacksaw Ridge,(2016),8.1,71,428710
737,Zootropolis,(2016),8.0,78,428552
738,Split,(IX) (2016),7.3,62,417697
739,Fantastic Beasts and Where to Find Them,(2016),7.3,66,406056
740,X-Men: Apocalypse,(2016),6.9,52,389705
741,Passengers,(I) (2016),7.0,41,346027
742,10 Cloverfield Lane,(2016),7.2,76,287768
743,The Nice Guys,(2016),7.4,70,276081
744,Moonlight,(I) (2016),7.4,99,269639
745,Moana,(I) (2016),7.6,81,267704
746,The Accountant,(2016),7.3,51,257633
747,The Jungle Book,(2016),7.4,77,257310
748,Now You See Me 2,(2016),6.5,46,245986
749,Manchester by the Sea,(2016),7.8,96,243566
750,Warcraft: The Beginning,(2016),6.8,32,240244
751,Finding Dory,(2016),7.3,77,237519
752,Nocturnal Animals,(2016),7.5,67,234617
753,Sully: Miracle on the Hudson,(2016),7.4,74,234391
754,Star Trek Beyond,(2016),7.1,68,226032
755,The Conjuring 2,(2016),7.3,65,223066
756,Don't Breathe,(2016),7.1,71,218350
757,Lion,(2016),8.0,69,211038
758,Jason Bourne,(I) (2016),6.6,58,206637
759,Me Before You,(2016),7.4,51,205641
760,Ghostbusters,(2016),6.6,60,202756
761,Hell or High Water,(II) (2016),7.6,88,201785
762,Hidden Figures,(2016),7.8,74,197644
763,Your Name.,(2016),8.4,79,188484
764,Captain Fantastic,(2016),7.9,72,186409
765,Assassin's Creed,(2016),5.7,36,184079
766,The Magnificent Seven,(2016),6.9,54,183625
767,The Secret Life of Pets,(2016),6.5,61,181449
768,War Dogs,(2016),7.1,57,175462
769,Sausage Party,(2016),6.1,66,174312
770,The Promise,(II) (2016),6.0,49,172272
771,The Girl on the Train,(2016),6.5,48,167559
772,Independence Day: Resurgence,(2016),5.2,32,165699
773,The Legend of Tarzan,(2016),6.2,44,162293
774,Deadpool,(2016),8.0,65,894398
775,Captain America: Civil War,(2016),7.8,75,655464
776,Batman v Superman: Dawn of Justice,(2016),6.4,44,619237
777,Suicide Squad,(2016),6.0,40,594654
778,Doctor Strange,(2016),7.5,72,589956
779,Arrival,(II) (2016),7.9,81,586700
780,Rogue One,(2016),7.8,65,547655
781,La La Land,(2016),8.0,94,497865
782,Hacksaw Ridge,(2016),8.1,71,428710
783,Zootropolis,(2016),8.0,78,428552
784,Split,(IX) (2016),7.3,62,417697
785,Fantastic Beasts and Where to Find Them,(2016),7.3,66,406056
786,X-Men: Apocalypse,(2016),6.9,52,389705
787,Passengers,(I) (2016),7.0,41,346027
788,10 Cloverfield Lane,(2016),7.2,76,287768
789,The Nice Guys,(2016),7.4,70,276081
790,Moonlight,(I) (2016),7.4,99,269639
791,Moana,(I) (2016),7.6,81,267704
792,The Accountant,(2016),7.3,51,257633
793,The Jungle Book,(2016),7.4,77,257310
794,Now You See Me 2,(2016),6.5,46,245986
795,Manchester by the Sea,(2016),7.8,96,243566
796,Warcraft: The Beginning,(2016),6.8,32,240244
797,Finding Dory,(2016),7.3,77,237519
798,Nocturnal Animals,(2016),7.5,67,234617
799,Sully: Miracle on the Hudson,(2016),7.4,74,234391
800,Star Trek Beyond,(2016),7.1,68,226032
801,The Conjuring 2,(2016),7.3,65,223066
802,Don't Breathe,(2016),7.1,71,218350
803,Lion,(2016),8.0,69,211038
804,Jason Bourne,(I) (2016),6.6,58,206637
805,Me Before You,(2016),7.4,51,205641
806,Ghostbusters,(2016),6.6,60,202756
807,Hell or High Water,(II) (2016),7.6,88,201785
808,Hidden Figures,(2016),7.8,74,197644
809,Your Name.,(2016),8.4,79,188484
810,Captain Fantastic,(2016),7.9,72,186409
811,Assassin's Creed,(2016),5.7,36,184079
812,The Magnificent Seven,(2016),6.9,54,183625
813,The Secret Life of Pets,(2016),6.5,61,181449
814,War Dogs,(2016),7.1,57,175462
815,Sausage Party,(2016),6.1,66,174312
816,The Promise,(II) (2016),6.0,49,172272
817,The Girl on the Train,(2016),6.5,48,167559
818,Independence Day: Resurgence,(2016),5.2,32,165699
819,The Legend of Tarzan,(2016),6.2,44,162293
820,Deadpool,(2016),8.0,65,894398
821,Captain America: Civil War,(2016),7.8,75,655464
822,Batman v Superman: Dawn of Justice,(2016),6.4,44,619237
823,Suicide Squad,(2016),6.0,40,594654
824,Doctor Strange,(2016),7.5,72,589956
825,Arrival,(II) (2016),7.9,81,586700
826,Rogue One,(2016),7.8,65,547655
827,La La Land,(2016),8.0,94,497865
828,Hacksaw Ridge,(2016),8.1,71,428710
829,Zootropolis,(2016),8.0,78,428552
830,Split,(IX) (2016),7.3,62,417697
831,Fantastic Beasts and Where to Find Them,(2016),7.3,66,406056
832,X-Men: Apocalypse,(2016),6.9,52,389705
833,Passengers,(I) (2016),7.0,41,346027
834,10 Cloverfield Lane,(2016),7.2,76,287768
835,The Nice Guys,(2016),7.4,70,276081
836,Moonlight,(I) (2016),7.4,99,269639
837,Moana,(I) (2016),7.6,81,267704
838,The Accountant,(2016),7.3,51,257633
839,The Jungle Book,(2016),7.4,77,257310
840,Now You See Me 2,(2016),6.5,46,245986
841,Manchester by the Sea,(2016),7.8,96,243566
842,Warcraft: The Beginning,(2016),6.8,32,240244
843,Finding Dory,(2016),7.3,77,237519
844,Nocturnal Animals,(2016),7.5,67,234617
845,Sully: Miracle on the Hudson,(2016),7.4,74,234391
846,Star Trek Beyond,(2016),7.1,68,226032
847,The Conjuring 2,(2016),7.3,65,223066
848,Don't Breathe,(2016),7.1,71,218350
849,Lion,(2016),8.0,69,211038
850,Jason Bourne,(I) (2016),6.6,58,206637
851,Me Before You,(2016),7.4,51,205641
852,Ghostbusters,(2016),6.6,60,202756
853,Hell or High Water,(II) (2016),7.6,88,201785
854,Hidden Figures,(2016),7.8,74,197644
855,Your Name.,(2016),8.4,79,188484
856,Captain Fantastic,(2016),7.9,72,186409
857,Assassin's Creed,(2016),5.7,36,184079
858,The Magnificent Seven,(2016),6.9,54,183625
859,The Secret Life of Pets,(2016),6.5,61,181449
860,War Dogs,(2016),7.1,57,175462
861,Sausage Party,(2016),6.1,66,174312
862,The Promise,(II) (2016),6.0,49,172272
863,The Girl on the Train,(2016),6.5,48,167559
864,Independence Day: Resurgence,(2016),5.2,32,165699
865,The Legend of Tarzan,(2016),6.2,44,162293
866,Deadpool,(2016),8.0,65,894398
867,Captain America: Civil War,(2016),7.8,75,655464
868,Batman v Superman: Dawn of Justice,(2016),6.4,44,619237
869,Suicide Squad,(2016),6.0,40,594654
870,Doctor Strange,(2016),7.5,72,589956
871,Arrival,(II) (2016),7.9,81,586700
872,Rogue One,(2016),7.8,65,547655
873,La La Land,(2016),8.0,94,497865
874,Hacksaw Ridge,(2016),8.1,71,428710
875,Zootropolis,(2016),8.0,78,428552
876,Split,(IX) (2016),7.3,62,417697
877,Fantastic Beasts and Where to Find Them,(2016),7.3,66,406056
878,X-Men: Apocalypse,(2016),6.9,52,389705
879,Passengers,(I) (2016),7.0,41,346027
880,10 Cloverfield Lane,(2016),7.2,76,287768
881,The Nice Guys,(2016),7.4,70,276081
882,Moonlight,(I) (2016),7.4,99,269639
883,Moana,(I) (2016),7.6,81,267704
884,The Accountant,(2016),7.3,51,257633
885,The Jungle Book,(2016),7.4,77,257310
886,Now You See Me 2,(2016),6.5,46,245986
887,Manchester by the Sea,(2016),7.8,96,243566
888,Warcraft: The Beginning,(2016),6.8,32,240244
889,Finding Dory,(2016),7.3,77,237519
890,Nocturnal Animals,(2016),7.5,67,234617
891,Sully: Miracle on the Hudson,(2016),7.4,74,234391
892,Star Trek Beyond,(2016),7.1,68,226032
893,The Conjuring 2,(2016),7.3,65,223066
894,Don't Breathe,(2016),7.1,71,218350
895,Lion,(2016),8.0,69,211038
896,Jason Bourne,(I) (2016),6.6,58,206637
897,Me Before You,(2016),7.4,51,205641
898,Ghostbusters,(2016),6.6,60,202756
899,Hell or High Water,(II) (2016),7.6,88,201785
900,Hidden Figures,(2016),7.8,74,197644
901,Your Name.,(2016),8.4,79,188484
902,Captain Fantastic,(2016),7.9,72,186409
903,Assassin's Creed,(2016),5.7,36,184079
904,The Magnificent Seven,(2016),6.9,54,183625
905,The Secret Life of Pets,(2016),6.5,61,181449
906,War Dogs,(2016),7.1,57,175462
907,Sausage Party,(2016),6.1,66,174312
908,The Promise,(II) (2016),6.0,49,172272
909,The Girl on the Train,(2016),6.5,48,167559
910,Independence Day: Resurgence,(2016),5.2,32,165699
911,The Legend of Tarzan,(2016),6.2,44,162293
912,Logan,(2017),8.1,77,639799
913,Thor: Ragnarok,(2017),7.9,74,577941
914,Guardians of the Galaxy: Vol. 2,(2017),7.6,67,561610
915,Star Wars: Episode VIII - The Last Jedi,(2017),7.0,84,556801
916,Dunkirk,(2017),7.9,94,545583
917,Wonder Woman,(2017),7.4,76,544571
918,Spider-Man: Homecoming,(2017),7.4,73,504370
919,Get Out,(I) (2017),7.7,85,485114
920,It,(I) (2017),7.3,69,454506
921,Blade Runner 2049,(2017),8.0,81,453427
922,Baby Driver,(2017),7.6,86,432432
923,"Three Billboards Outside Ebbing, Missouri",(2017),8.2,88,422817
924,Justice League,(2017),6.3,45,378201
925,Coco,(I) (2017),8.4,81,368847
926,The Shape of Water,(2017),7.3,87,364860
927,John Wick: Chapter 2,(2017),7.5,75,360549
928,Jumanji: Welcome to the Jungle,(2017),6.9,58,315327
929,Beauty and the Beast,(I) (2017),7.1,65,269999
930,Kingsman: The Golden Circle,(2017),6.7,44,269305
931,Kong: Skull Island,(2017),6.6,62,265630
932,Pirates of the Caribbean: Salazar's Revenge,(2017),6.5,39,259994
933,Alien: Covenant,(2017),6.4,65,252029
934,Lady Bird,(2017),7.4,94,236595
935,The Greatest Showman,(2017),7.6,48,233326
936,War for the Planet of the Apes,(2017),7.4,82,225660
937,Murder on the Orient Express,(2017),6.5,52,209988
938,Call Me by Your Name,(2017),7.9,93,207159
939,Life,(I) (2017),6.6,54,205612
940,Fast & Furious 8,(2017),6.7,56,202401
941,Wind River,(2017),7.7,73,200142
942,Ghost in the Shell,(2017),6.3,52,194271
943,King Arthur: Legend of the Sword,(2017),6.7,41,189945
944,Mother!,(2017),6.6,75,188943
945,The Hitman's Bodyguard,(2017),6.9,47,184510
946,"I, Tonya",(2017),7.5,77,178579
947,Atomic Blonde,(2017),6.7,63,174228
948,The Mummy,(2017),5.4,34,171501
949,Darkest Hour,(2017),7.4,75,169728
950,Bright,(I) (2017),6.3,29,167100
951,Valerian and the City of a Thousand Planets,(2017),6.5,51,160478
952,Baywatch,(2017),5.5,37,158917
953,American Made,(2017),7.2,65,156784
954,Logan,(2017),8.1,77,639799
955,Thor: Ragnarok,(2017),7.9,74,577941
956,Guardians of the Galaxy: Vol. 2,(2017),7.6,67,561610
957,Star Wars: Episode VIII - The Last Jedi,(2017),7.0,84,556801
958,Dunkirk,(2017),7.9,94,545583
959,Wonder Woman,(2017),7.4,76,544571
960,Spider-Man: Homecoming,(2017),7.4,73,504370
961,Get Out,(I) (2017),7.7,85,485114
962,It,(I) (2017),7.3,69,454506
963,Blade Runner 2049,(2017),8.0,81,453427
964,Baby Driver,(2017),7.6,86,432432
965,"Three Billboards Outside Ebbing, Missouri",(2017),8.2,88,422817
966,Justice League,(2017),6.3,45,378201
967,Coco,(I) (2017),8.4,81,368847
968,The Shape of Water,(2017),7.3,87,364860
969,John Wick: Chapter 2,(2017),7.5,75,360549
970,Jumanji: Welcome to the Jungle,(2017),6.9,58,315327
971,Beauty and the Beast,(I) (2017),7.1,65,269999
972,Kingsman: The Golden Circle,(2017),6.7,44,269305
973,Kong: Skull Island,(2017),6.6,62,265630
974,Pirates of the Caribbean: Salazar's Revenge,(2017),6.5,39,259994
975,Alien: Covenant,(2017),6.4,65,252029
976,Lady Bird,(2017),7.4,94,236595
977,The Greatest Showman,(2017),7.6,48,233326
978,War for the Planet of the Apes,(2017),7.4,82,225660
979,Murder on the Orient Express,(2017),6.5,52,209988
980,Call Me by Your Name,(2017),7.9,93,207159
981,Life,(I) (2017),6.6,54,205612
982,Fast & Furious 8,(2017),6.7,56,202401
983,Wind River,(2017),7.7,73,200142
984,Ghost in the Shell,(2017),6.3,52,194271
985,King Arthur: Legend of the Sword,(2017),6.7,41,189945
986,Mother!,(2017),6.6,75,188943
987,The Hitman's Bodyguard,(2017),6.9,47,184510
988,"I, Tonya",(2017),7.5,77,178579
989,Atomic Blonde,(2017),6.7,63,174228
990,The Mummy,(2017),5.4,34,171501
991,Darkest Hour,(2017),7.4,75,169728
992,Bright,(I) (2017),6.3,29,167100
993,Valerian and the City of a Thousand Planets,(2017),6.5,51,160478
994,Baywatch,(2017),5.5,37,158917
995,American Made,(2017),7.2,65,156784
996,Logan,(2017),8.1,77,639799
997,Thor: Ragnarok,(2017),7.9,74,577941
998,Guardians of the Galaxy: Vol. 2,(2017),7.6,67,561610
999,Star Wars: Episode VIII - The Last Jedi,(2017),7.0,84,556801
1000,Dunkirk,(2017),7.9,94,545583
1001,Wonder Woman,(2017),7.4,76,544571
1002,Spider-Man: Homecoming,(2017),7.4,73,504370
1003,Get Out,(I) (2017),7.7,85,485114
1004,It,(I) (2017),7.3,69,454506
1005,Blade Runner 2049,(2017),8.0,81,453427
1006,Baby Driver,(2017),7.6,86,432432
1007,"Three Billboards Outside Ebbing, Missouri",(2017),8.2,88,422817
1008,Justice League,(2017),6.3,45,378201
1009,Coco,(I) (2017),8.4,81,368847
1010,The Shape of Water,(2017),7.3,87,364860
1011,John Wick: Chapter 2,(2017),7.5,75,360549
1012,Jumanji: Welcome to the Jungle,(2017),6.9,58,315327
1013,Beauty and the Beast,(I) (2017),7.1,65,269999
1014,Kingsman: The Golden Circle,(2017),6.7,44,269305
1015,Kong: Skull Island,(2017),6.6,62,265630
1016,Pirates of the Caribbean: Salazar's Revenge,(2017),6.5,39,259994
1017,Alien: Covenant,(2017),6.4,65,252029
1018,Lady Bird,(2017),7.4,94,236595
1019,The Greatest Showman,(2017),7.6,48,233326
1020,War for the Planet of the Apes,(2017),7.4,82,225660
1021,Murder on the Orient Express,(2017),6.5,52,209988
1022,Call Me by Your Name,(2017),7.9,93,207159
1023,Life,(I) (2017),6.6,54,205612
1024,Fast & Furious 8,(2017),6.7,56,202401
1025,Wind River,(2017),7.7,73,200142
1026,Ghost in the Shell,(2017),6.3,52,194271
1027,King Arthur: Legend of the Sword,(2017),6.7,41,189945
1028,Mother!,(2017),6.6,75,188943
1029,The Hitman's Bodyguard,(2017),6.9,47,184510
1030,"I, Tonya",(2017),7.5,77,178579
1031,Atomic Blonde,(2017),6.7,63,174228
1032,The Mummy,(2017),5.4,34,171501
1033,Darkest Hour,(2017),7.4,75,169728
1034,Bright,(I) (2017),6.3,29,167100
1035,Valerian and the City of a Thousand Planets,(2017),6.5,51,160478
1036,Baywatch,(2017),5.5,37,158917
1037,American Made,(2017),7.2,65,156784
1038,Logan,(2017),8.1,77,639799
1039,Thor: Ragnarok,(2017),7.9,74,577941
1040,Guardians of the Galaxy: Vol. 2,(2017),7.6,67,561610
1041,Star Wars: Episode VIII - The Last Jedi,(2017),7.0,84,556801
1042,Dunkirk,(2017),7.9,94,545583
1043,Wonder Woman,(2017),7.4,76,544571
1044,Spider-Man: Homecoming,(2017),7.4,73,504370
1045,Get Out,(I) (2017),7.7,85,485114
1046,It,(I) (2017),7.3,69,454506
1047,Blade Runner 2049,(2017),8.0,81,453427
1048,Baby Driver,(2017),7.6,86,432432
1049,"Three Billboards Outside Ebbing, Missouri",(2017),8.2,88,422817
1050,Justice League,(2017),6.3,45,378201
1051,Coco,(I) (2017),8.4,81,368847
1052,The Shape of Water,(2017),7.3,87,364860
1053,John Wick: Chapter 2,(2017),7.5,75,360549
1054,Jumanji: Welcome to the Jungle,(2017),6.9,58,315327
1055,Beauty and the Beast,(I) (2017),7.1,65,269999
1056,Kingsman: The Golden Circle,(2017),6.7,44,269305
1057,Kong: Skull Island,(2017),6.6,62,265630
1058,Pirates of the Caribbean: Salazar's Revenge,(2017),6.5,39,259994
1059,Alien: Covenant,(2017),6.4,65,252029
1060,Lady Bird,(2017),7.4,94,236595
1061,The Greatest Showman,(2017),7.6,48,233326
1062,War for the Planet of the Apes,(2017),7.4,82,225660
1063,Murder on the Orient Express,(2017),6.5,52,209988
1064,Call Me by Your Name,(2017),7.9,93,207159
1065,Life,(I) (2017),6.6,54,205612
1066,Fast & Furious 8,(2017),6.7,56,202401
1067,Wind River,(2017),7.7,73,200142
1068,Ghost in the Shell,(2017),6.3,52,194271
1069,King Arthur: Legend of the Sword,(2017),6.7,41,189945
1070,Mother!,(2017),6.6,75,188943
1071,The Hitman's Bodyguard,(2017),6.9,47,184510
1072,"I, Tonya",(2017),7.5,77,178579
1073,Atomic Blonde,(2017),6.7,63,174228
1074,The Mummy,(2017),5.4,34,171501
1075,Darkest Hour,(2017),7.4,75,169728
1076,Bright,(I) (2017),6.3,29,167100
1077,Valerian and the City of a Thousand Planets,(2017),6.5,51,160478
1078,Baywatch,(2017),5.5,37,158917
1079,American Made,(2017),7.2,65,156784
1080,Avengers: Infinity War,(2018),8.4,68,818269
1081,Black Panther,(2018),7.3,88,617122
1082,Deadpool 2,(2018),7.7,66,471500
1083,Bohemian Rhapsody,(2018),8.0,49,443037
1084,A Quiet Place,(2018),7.5,82,402235
1085,Aquaman,(2018),6.9,55,362844
1086,Ready Player One,(2018),7.5,64,362814
1087,Spider-Man: Into the Spider-Verse,(2018),8.4,87,361491
1088,Green Book,(2018),8.2,69,360830
1089,Venom,(2018),6.7,35,354994
1090,A Star Is Born,(2018),7.6,88,328005
1091,Ant-Man and the Wasp,(2018),7.1,70,303436
1092,Mission: Impossible - Fallout,(2018),7.7,86,287413
1093,Solo: A Star Wars Story,(2018),6.9,62,285582
1094,Annihilation,(2018),6.8,79,277439
1095,Bird Box,(2018),6.6,51,274727
1096,Jurassic World: Fallen Kingdom,(2018),6.2,51,262778
1097,The Incredibles 2,(2018),7.6,80,245285
1098,Hereditary,(2018),7.3,87,235065
1099,Fantastic Beasts: The Crimes of Grindelwald,(2018),6.6,52,218355
1100,BlacKkKlansman,(2018),7.5,83,217722
1101,Game Night,(I) (2018),6.9,66,204092
1102,Tomb Raider,(2018),6.3,48,188749
1103,Ocean's Eight,(2018),6.9,61,182763
1104,The Favourite,(2018),7.5,91,168929
1105,First Man,(2018),7.3,84,165462
1106,Red Sparrow,(2018),6.6,53,163431
1107,Upgrade,(2018),7.5,67,155866
1108,The Meg,(2018),5.6,46,147855
1109,Rampage,(2018),6.1,45,141663
1110,Crazy Rich Asians,(2018),6.9,74,138781
1111,Searching,(III) (2018),7.6,71,138154
1112,Roma,(2018),7.7,96,138088
1113,Isle of Dogs,(2018),7.9,82,136387
1114,Bumblebee,(I) (2018),6.8,66,135937
1115,The Equalizer 2,(2018),6.7,50,130538
1116,Ralph Breaks the Internet,(2018),7.1,71,128528
1117,Bad Times at the El Royale,(2018),7.1,60,126722
1118,A Simple Favour,(2018),6.8,67,125927
1119,Sicario: Day of the Soldado,(2018),7.1,61,123298
1120,Halloween,(I) (2018),6.5,67,119743
1121,The Ballad of Buster Scruggs,(2018),7.3,79,119591
1122,Vice,(I) (2018),7.2,61,118702
1123,The Nun,(2018),5.3,46,116802
1124,The Predator,(2018),5.3,48,115180
1125,Tag,(I) (2018),6.5,56,112083
1126,Avengers: Infinity War,(2018),8.4,68,818269
1127,Black Panther,(2018),7.3,88,617122
1128,Deadpool 2,(2018),7.7,66,471500
1129,Bohemian Rhapsody,(2018),8.0,49,443037
1130,A Quiet Place,(2018),7.5,82,402235
1131,Aquaman,(2018),6.9,55,362844
1132,Ready Player One,(2018),7.5,64,362814
1133,Spider-Man: Into the Spider-Verse,(2018),8.4,87,361491
1134,Green Book,(2018),8.2,69,360830
1135,Venom,(2018),6.7,35,354994
1136,A Star Is Born,(2018),7.6,88,328005
1137,Ant-Man and the Wasp,(2018),7.1,70,303436
1138,Mission: Impossible - Fallout,(2018),7.7,86,287413
1139,Solo: A Star Wars Story,(2018),6.9,62,285582
1140,Annihilation,(2018),6.8,79,277439
1141,Bird Box,(2018),6.6,51,274727
1142,Jurassic World: Fallen Kingdom,(2018),6.2,51,262778
1143,The Incredibles 2,(2018),7.6,80,245285
1144,Hereditary,(2018),7.3,87,235065
1145,Fantastic Beasts: The Crimes of Grindelwald,(2018),6.6,52,218355
1146,BlacKkKlansman,(2018),7.5,83,217722
1147,Game Night,(I) (2018),6.9,66,204092
1148,Tomb Raider,(2018),6.3,48,188749
1149,Ocean's Eight,(2018),6.9,61,182763
1150,The Favourite,(2018),7.5,91,168929
1151,First Man,(2018),7.3,84,165462
1152,Red Sparrow,(2018),6.6,53,163431
1153,Upgrade,(2018),7.5,67,155866
1154,The Meg,(2018),5.6,46,147855
1155,Rampage,(2018),6.1,45,141663
1156,Crazy Rich Asians,(2018),6.9,74,138781
1157,Searching,(III) (2018),7.6,71,138154
1158,Roma,(2018),7.7,96,138088
1159,Isle of Dogs,(2018),7.9,82,136387
1160,Bumblebee,(I) (2018),6.8,66,135937
1161,The Equalizer 2,(2018),6.7,50,130538
1162,Ralph Breaks the Internet,(2018),7.1,71,128528
1163,Bad Times at the El Royale,(2018),7.1,60,126722
1164,A Simple Favour,(2018),6.8,67,125927
1165,Sicario: Day of the Soldado,(2018),7.1,61,123298
1166,Halloween,(I) (2018),6.5,67,119743
1167,The Ballad of Buster Scruggs,(2018),7.3,79,119591
1168,Vice,(I) (2018),7.2,61,118702
1169,The Nun,(2018),5.3,46,116802
1170,The Predator,(2018),5.3,48,115180
1171,Tag,(I) (2018),6.5,56,112083
1172,Avengers: Infinity War,(2018),8.4,68,818269
1173,Black Panther,(2018),7.3,88,617122
1174,Deadpool 2,(2018),7.7,66,471500
1175,Bohemian Rhapsody,(2018),8.0,49,443037
1176,A Quiet Place,(2018),7.5,82,402235
1177,Aquaman,(2018),6.9,55,362844
1178,Ready Player One,(2018),7.5,64,362814
1179,Spider-Man: Into the Spider-Verse,(2018),8.4,87,361491
1180,Green Book,(2018),8.2,69,360830
1181,Venom,(2018),6.7,35,354994
1182,A Star Is Born,(2018),7.6,88,328005
1183,Ant-Man and the Wasp,(2018),7.1,70,303436
1184,Mission: Impossible - Fallout,(2018),7.7,86,287413
1185,Solo: A Star Wars Story,(2018),6.9,62,285582
1186,Annihilation,(2018),6.8,79,277439
1187,Bird Box,(2018),6.6,51,274727
1188,Jurassic World: Fallen Kingdom,(2018),6.2,51,262778
1189,The Incredibles 2,(2018),7.6,80,245285
1190,Hereditary,(2018),7.3,87,235065
1191,Fantastic Beasts: The Crimes of Grindelwald,(2018),6.6,52,218355
1192,BlacKkKlansman,(2018),7.5,83,217722
1193,Game Night,(I) (2018),6.9,66,204092
1194,Tomb Raider,(2018),6.3,48,188749
1195,Ocean's Eight,(2018),6.9,61,182763
1196,The Favourite,(2018),7.5,91,168929
1197,First Man,(2018),7.3,84,165462
1198,Red Sparrow,(2018),6.6,53,163431
1199,Upgrade,(2018),7.5,67,155866
1200,The Meg,(2018),5.6,46,147855
1201,Rampage,(2018),6.1,45,141663
1202,Crazy Rich Asians,(2018),6.9,74,138781
1203,Searching,(III) (2018),7.6,71,138154
1204,Roma,(2018),7.7,96,138088
1205,Isle of Dogs,(2018),7.9,82,136387
1206,Bumblebee,(I) (2018),6.8,66,135937
1207,The Equalizer 2,(2018),6.7,50,130538
1208,Ralph Breaks the Internet,(2018),7.1,71,128528
1209,Bad Times at the El Royale,(2018),7.1,60,126722
1210,A Simple Favour,(2018),6.8,67,125927
1211,Sicario: Day of the Soldado,(2018),7.1,61,123298
1212,Halloween,(I) (2018),6.5,67,119743
1213,The Ballad of Buster Scruggs,(2018),7.3,79,119591
1214,Vice,(I) (2018),7.2,61,118702
1215,The Nun,(2018),5.3,46,116802
1216,The Predator,(2018),5.3,48,115180
1217,Tag,(I) (2018),6.5,56,112083
1218,Avengers: Infinity War,(2018),8.4,68,818269
1219,Black Panther,(2018),7.3,88,617122
1220,Deadpool 2,(2018),7.7,66,471500
1221,Bohemian Rhapsody,(2018),8.0,49,443037
1222,A Quiet Place,(2018),7.5,82,402235
1223,Aquaman,(2018),6.9,55,362844
1224,Ready Player One,(2018),7.5,64,362814
1225,Spider-Man: Into the Spider-Verse,(2018),8.4,87,361491
1226,Green Book,(2018),8.2,69,360830
1227,Venom,(2018),6.7,35,354994
1228,A Star Is Born,(2018),7.6,88,328005
1229,Ant-Man and the Wasp,(2018),7.1,70,303436
1230,Mission: Impossible - Fallout,(2018),7.7,86,287413
1231,Solo: A Star Wars Story,(2018),6.9,62,285582
1232,Annihilation,(2018),6.8,79,277439
1233,Bird Box,(2018),6.6,51,274727
1234,Jurassic World: Fallen Kingdom,(2018),6.2,51,262778
1235,The Incredibles 2,(2018),7.6,80,245285
1236,Hereditary,(2018),7.3,87,235065
1237,Fantastic Beasts: The Crimes of Grindelwald,(2018),6.6,52,218355
1238,BlacKkKlansman,(2018),7.5,83,217722
1239,Game Night,(I) (2018),6.9,66,204092
1240,Tomb Raider,(2018),6.3,48,188749
1241,Ocean's Eight,(2018),6.9,61,182763
1242,The Favourite,(2018),7.5,91,168929
1243,First Man,(2018),7.3,84,165462
1244,Red Sparrow,(2018),6.6,53,163431
1245,Upgrade,(2018),7.5,67,155866
1246,The Meg,(2018),5.6,46,147855
1247,Rampage,(2018),6.1,45,141663
1248,Crazy Rich Asians,(2018),6.9,74,138781
1249,Searching,(III) (2018),7.6,71,138154
1250,Roma,(2018),7.7,96,138088
1251,Isle of Dogs,(2018),7.9,82,136387
1252,Bumblebee,(I) (2018),6.8,66,135937
1253,The Equalizer 2,(2018),6.7,50,130538
1254,Ralph Breaks the Internet,(2018),7.1,71,128528
1255,Bad Times at the El Royale,(2018),7.1,60,126722
1256,A Simple Favour,(2018),6.8,67,125927
1257,Sicario: Day of the Soldado,(2018),7.1,61,123298
1258,Halloween,(I) (2018),6.5,67,119743
1259,The Ballad of Buster Scruggs,(2018),7.3,79,119591
1260,Vice,(I) (2018),7.2,61,118702
1261,The Nun,(2018),5.3,46,116802
1262,The Predator,(2018),5.3,48,115180
1263,Tag,(I) (2018),6.5,56,112083
1264,Joker,(2019),8.5,59,907751
1265,Avengers: Endgame,(2019),8.4,78,786661
1266,Once Upon a Time... In Hollywood,(2019),7.6,83,534669
1267,Parasite,(2019),8.6,96,519064
1268,Captain Marvel,(2019),6.9,64,432426
1269,Knives Out,(2019),7.9,82,425977
1270,1917,(2019),8.3,78,399659
1271,Star Wars: The Rise of Skywalker,(2019),6.6,53,361755
1272,The Irishman,(2019),7.9,94,316417
1273,Spider-Man: Far from Home,(2019),7.5,69,315803
1274,Jojo Rabbit,(2019),7.9,58,282441
1275,Le Mans '66,(2019),8.1,81,278048
1276,John Wick: Chapter 3 - Parabellum,(2019),7.4,73,268648
1277,Shazam!,(2019),7.1,71,248671
1278,Marriage Story,(2019),8.0,94,239055
1279,Alita: Battle Angel,(2019),7.3,53,224245
1280,Aladdin,(2019),7.0,53,222912
1281,Us,(II) (2019),6.9,81,220973
1282,The Gentlemen,(2019),7.8,51,213484
1283,Uncut Gems,(2019),7.4,91,212063
1284,The Lion King,(2019),6.9,55,206436
1285,Glass,(2019),6.7,43,204351
1286,It: Chapter Two,(2019),6.5,58,203246
1287,Toy Story 4,(2019),7.8,84,197038
1288,Ad Astra,(2019),6.5,80,193867
1289,Midsommar,(2019),7.1,72,192953
1290,Jumanji: The Next Level,(2019),6.7,58,181411
1291,El Camino: A Breaking Bad Movie,(2019),7.3,72,179222
1292,Fast & Furious: Hobbs & Shaw,(2019),6.4,60,163614
1293,The Platform,(2019),7.0,73,157151
1294,X-Men: Dark Phoenix,(2019),5.8,43,151992
1295,Terminator: Dark Fate,(2019),6.2,54,145526
1296,Doctor Sleep,(2019),7.3,59,137223
1297,6 Underground,(2019),6.1,41,135454
1298,Zombieland: Double Tap,(2019),6.7,55,135139
1299,The Lighthouse,(I) (2019),7.5,83,135053
1300,Pokémon Detective Pikachu,(2019),6.6,53,134359
1301,Little Women,(2019),7.8,91,134290
1302,Rocketman,(I) (2019),7.3,69,131273
1303,Frozen 2,(2019),6.9,64,131186
1304,Godzilla: King of the Monsters,(2019),6.0,48,129485
1305,Joker,(2019),8.5,59,907751
1306,Avengers: Endgame,(2019),8.4,78,786661
1307,Once Upon a Time... In Hollywood,(2019),7.6,83,534669
1308,Parasite,(2019),8.6,96,519064
1309,Captain Marvel,(2019),6.9,64,432426
1310,Knives Out,(2019),7.9,82,425977
1311,1917,(2019),8.3,78,399659
1312,Star Wars: The Rise of Skywalker,(2019),6.6,53,361755
1313,The Irishman,(2019),7.9,94,316417
1314,Spider-Man: Far from Home,(2019),7.5,69,315803
1315,Jojo Rabbit,(2019),7.9,58,282441
1316,Le Mans '66,(2019),8.1,81,278048
1317,John Wick: Chapter 3 - Parabellum,(2019),7.4,73,268648
1318,Shazam!,(2019),7.1,71,248671
1319,Marriage Story,(2019),8.0,94,239055
1320,Alita: Battle Angel,(2019),7.3,53,224245
1321,Aladdin,(2019),7.0,53,222912
1322,Us,(II) (2019),6.9,81,220973
1323,The Gentlemen,(2019),7.8,51,213484
1324,Uncut Gems,(2019),7.4,91,212063
1325,The Lion King,(2019),6.9,55,206436
1326,Glass,(2019),6.7,43,204351
1327,It: Chapter Two,(2019),6.5,58,203246
1328,Toy Story 4,(2019),7.8,84,197038
1329,Ad Astra,(2019),6.5,80,193867
1330,Midsommar,(2019),7.1,72,192953
1331,Jumanji: The Next Level,(2019),6.7,58,181411
1332,El Camino: A Breaking Bad Movie,(2019),7.3,72,179222
1333,Fast & Furious: Hobbs & Shaw,(2019),6.4,60,163614
1334,The Platform,(2019),7.0,73,157151
1335,X-Men: Dark Phoenix,(2019),5.8,43,151992
1336,Terminator: Dark Fate,(2019),6.2,54,145526
1337,Doctor Sleep,(2019),7.3,59,137223
1338,6 Underground,(2019),6.1,41,135454
1339,Zombieland: Double Tap,(2019),6.7,55,135139
1340,The Lighthouse,(I) (2019),7.5,83,135053
1341,Pokémon Detective Pikachu,(2019),6.6,53,134359
1342,Little Women,(2019),7.8,91,134290
1343,Rocketman,(I) (2019),7.3,69,131273
1344,Frozen 2,(2019),6.9,64,131186
1345,Godzilla: King of the Monsters,(2019),6.0,48,129485
1346,Joker,(2019),8.5,59,907751
1347,Avengers: Endgame,(2019),8.4,78,786661
1348,Once Upon a Time... In Hollywood,(2019),7.6,83,534669
1349,Parasite,(2019),8.6,96,519064
1350,Captain Marvel,(2019),6.9,64,432426
1351,Knives Out,(2019),7.9,82,425977
1352,1917,(2019),8.3,78,399659
1353,Star Wars: The Rise of Skywalker,(2019),6.6,53,361755
1354,The Irishman,(2019),7.9,94,316417
1355,Spider-Man: Far from Home,(2019),7.5,69,315803
1356,Jojo Rabbit,(2019),7.9,58,282441
1357,Le Mans '66,(2019),8.1,81,278048
1358,John Wick: Chapter 3 - Parabellum,(2019),7.4,73,268648
1359,Shazam!,(2019),7.1,71,248671
1360,Marriage Story,(2019),8.0,94,239055
1361,Alita: Battle Angel,(2019),7.3,53,224245
1362,Aladdin,(2019),7.0,53,222912
1363,Us,(II) (2019),6.9,81,220973
1364,The Gentlemen,(2019),7.8,51,213484
1365,Uncut Gems,(2019),7.4,91,212063
1366,The Lion King,(2019),6.9,55,206436
1367,Glass,(2019),6.7,43,204351
1368,It: Chapter Two,(2019),6.5,58,203246
1369,Toy Story 4,(2019),7.8,84,197038
1370,Ad Astra,(2019),6.5,80,193867
1371,Midsommar,(2019),7.1,72,192953
1372,Jumanji: The Next Level,(2019),6.7,58,181411
1373,El Camino: A Breaking Bad Movie,(2019),7.3,72,179222
1374,Fast & Furious: Hobbs & Shaw,(2019),6.4,60,163614
1375,The Platform,(2019),7.0,73,157151
1376,X-Men: Dark Phoenix,(2019),5.8,43,151992
1377,Terminator: Dark Fate,(2019),6.2,54,145526
1378,Doctor Sleep,(2019),7.3,59,137223
1379,6 Underground,(2019),6.1,41,135454
1380,Zombieland: Double Tap,(2019),6.7,55,135139
1381,The Lighthouse,(I) (2019),7.5,83,135053
1382,Pokémon Detective Pikachu,(2019),6.6,53,134359
1383,Little Women,(2019),7.8,91,134290
1384,Rocketman,(I) (2019),7.3,69,131273
1385,Frozen 2,(2019),6.9,64,131186
1386,Godzilla: King of the Monsters,(2019),6.0,48,129485
1387,Joker,(2019),8.5,59,907751
1388,Avengers: Endgame,(2019),8.4,78,786661
1389,Once Upon a Time... In Hollywood,(2019),7.6,83,534669
1390,Parasite,(2019),8.6,96,519064
1391,Captain Marvel,(2019),6.9,64,432426
1392,Knives Out,(2019),7.9,82,425977
1393,1917,(2019),8.3,78,399659
1394,Star Wars: The Rise of Skywalker,(2019),6.6,53,361755
1395,The Irishman,(2019),7.9,94,316417
1396,Spider-Man: Far from Home,(2019),7.5,69,315803
1397,Jojo Rabbit,(2019),7.9,58,282441
1398,Le Mans '66,(2019),8.1,81,278048
1399,John Wick: Chapter 3 - Parabellum,(2019),7.4,73,268648
1400,Shazam!,(2019),7.1,71,248671
1401,Marriage Story,(2019),8.0,94,239055
1402,Alita: Battle Angel,(2019),7.3,53,224245
1403,Aladdin,(2019),7.0,53,222912
1404,Us,(II) (2019),6.9,81,220973
1405,The Gentlemen,(2019),7.8,51,213484
1406,Uncut Gems,(2019),7.4,91,212063
1407,The Lion King,(2019),6.9,55,206436
1408,Glass,(2019),6.7,43,204351
1409,It: Chapter Two,(2019),6.5,58,203246
1410,Toy Story 4,(2019),7.8,84,197038
1411,Ad Astra,(2019),6.5,80,193867
1412,Midsommar,(2019),7.1,72,192953
1413,Jumanji: The Next Level,(2019),6.7,58,181411
1414,El Camino: A Breaking Bad Movie,(2019),7.3,72,179222
1415,Fast & Furious: Hobbs & Shaw,(2019),6.4,60,163614
1416,The Platform,(2019),7.0,73,157151
1417,X-Men: Dark Phoenix,(2019),5.8,43,151992
1418,Terminator: Dark Fate,(2019),6.2,54,145526
1419,Doctor Sleep,(2019),7.3,59,137223
1420,6 Underground,(2019),6.1,41,135454
1421,Zombieland: Double Tap,(2019),6.7,55,135139
1422,The Lighthouse,(I) (2019),7.5,83,135053
1423,Pokémon Detective Pikachu,(2019),6.6,53,134359
1424,Little Women,(2019),7.8,91,134290
1425,Rocketman,(I) (2019),7.3,69,131273
1426,Frozen 2,(2019),6.9,64,131186
1427,Godzilla: King of the Monsters,(2019),6.0,48,129485
